BRC names,BRC number
Grass sp.,26
Lamium/glechoma seedling,28
Riccardia/aneura sp.,29
Acanthus mollis,9202
Acer campestre,9203
Acer platanoides,9204
Acer pseudoplatanus,9205
Aceras anthropophorum,9206
Achillea millefolium,9207
Achillea ptarmica,9209
Adiantum capillus-veneris,91017
Clinopodium acinos,92012
Aconitum napellus,92014
Acorus calamus,92015
Actaea spicata,92016
Adonis annua,92018
Adoxa moschatellina,92019
Aegopodium podagraria,92020
Aethusa cynapium,92021
Agrimonia eupatoria,92022
Agrimonia procera,92023
Aremonia agrimonioides,92024
Agrostis stolonifera x Polypogon monspeliensis (x Agropogon littoralis),92025
Elytrigia juncea,92028
Elytrigia atherica x juncea (E. x obtusiuscula),92029
Elytrigia atherica,92032
Elytrigia repens,92033
Agrostemma githago,92034
Agrostis canina sens.lat.,92035
Agrostis vinealis,92035.1
Agrostis canina sens.str.,92035.2
Agrostis gigantea,92036
Agrostis curtisii,92038
Agrostis stolonifera,92039
Agrostis capillaris,92040
Aira caryophyllea,92041
Aira praecox,92042
Ajuga chamaepitys,92043
Ajuga pyramidalis,92045
Ajuga reptans,92046
Alchemilla acutiloba,92047
Alchemilla alpina,92048
Alchemilla conjuncta,92049
Alchemilla filicaulis subsp.filicaulis,92050
Alchemilla glabra,92051
Alchemilla glomerulans,92052
Alchemilla minima,92053
Alchemilla glaucescens,92054
Alchemilla monticola,92055
Alchemilla subcrenata,92056
Alchemilla vulgaris agg.,92058
Alchemilla wichurae,92059
Alchemilla xanthochlora,92060
Alisma gramineum,92061
Alisma lanceolatum,92062
Alisma plantago-aquatica,92063
Alliaria petiolata,92064
Allium ampeloprasum ssp ampeloprasum,92065
Allium ampeloprasum babingtonii,92066
Allium carinatum,92067
Allium oleraceum,92068
Allium paradoxum,92069
Allium roseum,92070
Allium scorodoprasum,92071
Allium schoenoprasum,92072
Allium sphaerocephalon,92073
Allium triquetrum,92074
Allium ursinum,92075
Allium vineale,92076
Alnus glutinosa,92077
Alnus incana,92078
Alopecurus aequalis,92079
Alopecurus borealis,92080
Alopecurus bulbosus,92081
Alopecurus geniculatus,92082
Alopecurus myosuroides,92084
Alopecurus pratensis,92085
Althaea officinalis,92087
Alcea rosea,92088
Amaranthus albus,92090
Amaranthus retroflexus,92092
Amelanchier lamarckii,92094
Ammophila arenaria x Calamagrostis epigejos (x Calammophila baltica),92096
Ammophila arenaria,92097
Anacamptis pyramidalis,92098
Anagallis arvensis,92099
Anagallis arvensis subsp.caerulea,92099.2
Anogramma leptophylla,910115
Asplenium adiantum-nigrum,910185.1
Asplenium onopteris,910185.2
Asplenium marinum,910189
Asplenium obovatum,910191
Asplenium ruta-muraria,910192
Asplenium septentrionale,910193
Asplenium trichomanes,910194
Asplenium trichomanes-ramosum,910195
Athyrium distentifolium,910210
Athyrium flexile,910210.1
Athyrium filix-femina,910211
Azolla filiculoides,910223
Blechnum spicant,910244
Botrychium lunaria,910248
Ceterach officinarum,910473
Cryptogramma crispa,910586
Cystopteris dickieana,910602
Cystopteris fragilis,910603
Cystopteris montana,910604
Dryopteris oreades,910659
Dryopteris aemula,910660
Dryopteris dilatata,910661
Dryopteris affinis,910662
Dryopteris cristata,910663
Dryopteris filix-mas,910665
Dryopteris carthusiana,910666
Dryopteris submontana,910667
Equisetum arvense,910712
Equisetum fluviatile,910713
Equisetum hyemale,910714
Equisetum arvense x fluviatile (E. x litorale),910715
Equisetum hyemale x ramosissimum (E. x moorei),910716
Equisetum palustre,910717
Equisetum pratense,910718
Equisetum ramosissimum,910719
Equisetum sylvaticum,910720
Equisetum telmateia,910721
Equisetum hyemale x variegatum (E. x trachyodon),910722
Equisetum variegatum,910723
Anagallis tenella,920100
Anaphalis margaritacea,920101
Andromeda polifolia,920103
Anemone nemorosa,920105
Pulsatilla vulgaris,920106
Angelica archangelica,920108
Angelica sylvestris,920109
Anisantha diandra,920110
Anisantha madritensis,920111
Anisantha rigida,920112
Anisantha sterilis,920113
Anisantha tectorum,920114
Antennaria dioica,920116
Anthemis arvensis,920117
Anthemis cotula,920118
Chamaemelum nobile,920119
Anthemis tinctoria,920120
Anthoxanthum odoratum,920121
Anthoxanthum aristatum,920122
Anthriscus caucalis,920123
Anthriscus cerefolium,920124
Anthriscus sylvestris,920125
Anthyllis vulneraria,920126
Antirrhinum majus,920127
Misopates orontium,920128
Apera interrupta,920129
Apera spica-venti,920130
Aphanes arvensis agg.,920131
Aphanes arvensis sens.str.,920132
Aphanes inexspectata,920133
Apium graveolens,920134
Apium inundatum,920135
Apium nodiflorum,920137
Apium repens,920138
Aponogeton distachyos,920139
Aquilegia vulgaris,920141
Arabidopsis thaliana,920142
Arabis alpina,920143
Arabis hirsuta,920146
Arabis scabra,920147
Arabis turrita,920148
Arbutus unedo,920149
Arctium agg.,920150
Arctium lappa,920151
Arctium minus subsp.nemorosum,920153
Arctium minus subsp.pubens,920154
Arctostaphylos uva-ursi,920155
Arctostaphylos alpinus,920156
Arenaria balearica,920157
Arenaria ciliata,920158
Arenaria norvegica subsp.norvegica,920160
Arenaria serpyllifolia,920162
Arenaria serpyllifolia subsp.leptoclados,920163
Aristolochia clematitis,920164
Armeria arenaria,920165
Armeria maritima,920166
Armoracia rusticana,920167
Arnoseris minima,920168
Arrhenatherum elatius,920169
Artemisia absinthium,920170
Artemisia campestris,920171
Seriphidium maritimum,920172
Artemisia stelleriana,920173
Artemisia verlotiorum,920174
Artemisia vulgaris,920175
Arum maculatum,920176
Arum italicum,920177
Asarum europaeum,920178
Asparagus officinalis,920179
Asparagus officinalis subsp.officinalis,920179.1
Asparagus officinalis subsp.prostratus,920179.2
Asperugo procumbens,920180
Galium odoratum,920183
Aster laevis,920196
Aster lanceolatus,920197
Aster schreberi,920199
Aster novae-angliae,920200
Aster agg.,920201
Aster puniceus,920202
Aster lanceolatus x novi-belgii (A. x salignus),920203
Aster tripolium,920204
Aster tripolium var. discoideus,920204.1
Aster laevis x novi-belgii (A. x versicolor),920205
Astragalus alpinus,920206
Astragalus danicus,920207
Astragalus glycyphyllos,920208
Astrantia major,920209
Atriplex glabriuscula,920212
Atriplex hortensis,920215
Atriplex laciniata,920216
Atriplex littoralis,920217
Atriplex patula,920218
Atropa belladonna,920219
Avena fatua,920220
Avena sterilis ludoviciana,920221
Avena strigosa,920222
Baldellia ranunculoides,920224
Ballota nigra,920225
Barbarea intermedia,920226
Barbarea stricta,920227
Barbarea verna,920228
Barbarea vulgaris,920229
Bartsia alpina,920230
Bellis perennis,920231
Berberis vulgaris,920232
Berteroa incana,920233
Berula erecta,920234
Beta vulgaris,920235
Beta vulgaris subsp.maritima,920235.1
Beet (cultivated),920235.2
Stachys officinalis,920237
Betula nana,920238
Betula pendula,920239
Betula pubescens,920240
Betula pubescens subsp.tortuosa,920240.1
Bidens cernua,920241
Bidens tripartita,920242
Blackstonia perfoliata,920243
Blysmus compressus,920245
Blysmus rufus,920246
Borago officinalis,920247
Brachypodium pinnatum,920249
Brachypodium sylvaticum,920250
Brassica napus,920251
Oil seed rape,920251.1
Brassica nigra,920252
Brassica oleracea (cultivated),920253
Brassica rapa,920254
Briza maxima,920255
Briza media,920256
Briza minor,920257
Bromus arvensis,920258
Bromopsis benekenii,920259
Ceratochloa carinata,920260
Bromus commutatus,920262
Bromopsis erecta,920263
Bromus hordeaceus subsp.ferronii,920264
Bromopsis inermis,920265
Bromus interruptus,920266
Bromus lepidus,920268
Bromus hordeaceus,920269
Bromus racemosus,920271
Bromopsis ramosa,920272
Bromus secalinus,920273
Bromus hordeaceus subsp.thominei,920275
Bryonia dioica,920276
Buddleja davidii,920277
Lithospermum arvense,920278
Lithospermum purpureocaeruleum,920279
Bunias erucago,920280
Bunias orientalis,920281
Bunium bulbocastanum,920282
Bupleurum falcatum,920283
Bupleurum fruticosum,920284
Bupleurum baldense,920285
Bupleurum rotundifolium,920286
Bupleurum tenuissimum,920287
Butomus umbellatus,920288
Buxus sempervirens,920289
Cakile maritima,920291
Calamagrostis canescens,920292
Calamagrostis epigejos,920293
Calamagrostis stricta,920294
Calamagrostis scotica,920295
Clinopodium ascendens,920296
Clinopodium menthifolium,920297
Clinopodium calamintha,920298
Calendula officinalis,920300
Calla palustris,920301
Callitriche hermaphroditica,920302
Callitriche hamulata sens.lat.,920303
Callitriche hamulata sens.str.,920303.1
Callitriche brutia,920303.2
Callitriche obtusangula,920304
Callitriche stagnalis sens.lat.,920307
Callitriche platycarpa,920307.1
Callitriche truncata,920308
Calluna vulgaris,920309
Caltha palustris,920310
Caltha palustris ssp.minor,920310.1
Calystegia sepium,920311
Calystegia soldanella,920312
Calystegia silvatica,920313
Campanula glomerata,920315
Campanula latifolia,920316
Campanula medium,920317
Campanula patula,920318
Campanula persicifolia,920319
Campanula rapunculoides,920320
Campanula rapunculus,920321
Campanula rotundifolia,920322
Campanula trachelium,920323
Capsella bursa-pastoris,920325
Capsella rubella,920326
Cardamine amara,920327
Cardamine flexuosa,920328
Cardamine hirsuta,920329
Cardamine impatiens,920330
Arabis petraea,920332
Lepidium draba,920333
Carduus crispus,920335
Carduus nutans,920337
Carduus tenuiflorus,920339
Carex acuta,920340
Carex acutiformis,920341
Carex appropinquata,920342
Carex aquatilis,920343
Carex arenaria,920344
Carex atrata,920345
Carex atrofusca,920346
Carex bigelowii,920349
Carex binervis,920350
Carex buxbaumii,920352
Carex capillaris,920353
Carex caryophyllea,920355
Carex chordorrhiza,920356
Carex spicata,920357
Carex curta,920359
Carex davalliana,920360
Carex viridula subsp.oedocarpa,920361
Carex depauperata,920362
Carex diandra,920363
Carex digitata,920364
Carex dioica,920365
Carex distans,920366
Carex disticha,920367
Carex divisa,920368
Carex echinata,920370
Carex elata,920371
Carex elongata,920372
Carex ericetorum,920373
Carex extensa,920374
Carex filiformis,920375
Carex flacca,920376
Carex flava agg.,920377
Carex flava sens.str.,920378
Carex x grahamii (C. saxatilis x vesicaria),920380
Carex hirta,920381
Carex hostiana,920382
Carex humilis,920383
Carex lachenalii,920384
Carex laevigata,920385
Carex lasiocarpa,920386
Carex viridula subsp.brachyrrhyncha,920387
Carex lepidocarpa ssp. scottica,920387.2
Carex limosa,920388
Carex maritima,920389
Carex microglochin,920390
Carex montana,920391
Carex nigra,920393
Carex norvegica,920394
Carex ornithopoda,920395
Carex otrubae,920396
Carex ovalis,920397
Carex muricata,920398
Carex pallescens,920399
Carex panicea,920400
Carex paniculata,920401
Carex pauciflora,920402
Carex magellanica,920403
Carex pendula,920404
Carex pilulifera,920405
Carex divulsa subsp.leersii,920406
Carex pseudocyperus,920407
Carex pulicaris,920408
Carex punctata,920409
Carex rariflora,920410
Carex recta,920411
Carex remota,920412
Carex riparia,920413
Carex rostrata,920414
Carex rupestris,920415
Carex saxatilis,920417
Carex strigosa,920420
Carex sylvatica,920421
Carex trinervis,920422
Carex vaginata,920423
Carex vesicaria,920424
Carex vulpina,920425
Carex vulpinoidea,920426
Carlina vulgaris,920427
Carpinus betulus,920428
Carpobrotus edulis,920429
Carum carvi,920430
Carum verticillatum,920431
Castanea sativa,920432
Catabrosa aquatica,920433
Catapodium marinum,920434
Catapodium rigidum,920435
Turgenia latifolia,920437
Centaurea aspera,920438
Centaurea calcitrapa,920439
Centaurea cyanus,920440
Centaurea jacea,920441
Centaurea nigra,920444
Centaurea debeauxii,920444.1
Centaurea scabiosa,920446
Centaurea solstitialis,920447
Centaurium erythraea capitatum,920448
Centaurium latifolium,920449
Centaurium littorale,920450
Centaurium scilloides,920452
Centaurium pulchellum,920453
Centaurium tenuiflorum,920454
Centranthus ruber,920455
Anagallis minima,920456
Cephalanthera damasonium,920457
Cephalanthera longifolia,920458
Cephalanthera rubra,920459
Cerastium alpinum,920460
Cerastium arvense,920461
Cerastium diffusum,920462
Cerastium brachypetalum,920463
Cerastium cerastoides,920464
Cerastium arcticum,920465
Cerastium nigrescens,920465.1
Cerastium glomeratum,920466
Cerastium fontanum,920467
Cerastium pumilum,920468
Cerastium semidecandrum,920469
Cerastium tomentosum,920470
Ceratophyllum demersum,920471
Ceratophyllum submersum,920472
Chaenorhinum minus,920474
Chaerophyllum aureum,920475
Chaerophyllum temulum,920476
Chamerion angustifolium,920477
Cornus suecica,920478
Erysimum cheiri,920479
Chelidonium majus,920480
Chenopodium album agg.,920481
Chenopodium bonus-henricus,920484
Chenopodium chenopodioides,920485
Chenopodium capitatum,920486
Chenopodium ficifolium,920487
Chenopodium glaucum,920488
Chenopodium hybridum,920490
Chenopodium murale,920491
Chenopodium opulifolium,920492
Chenopodium polyspermum,920493
Chenopodium rubrum,920496
Chenopodium suecicum,920497
Chenopodium urbicum,920498
Chenopodium vulvaria,920500
Minuartia sedoides,920501
Leucanthemum vulgare,920502
Tanacetum parthenium,920503
Chrysanthemum segetum,920504
Chrysosplenium alternifolium,920505
Chrysosplenium oppositifolium,920506
Cicendia filiformis,920507
Cicerbita alpina,920508
Cichorium intybus,920509
Cicuta virosa,920510
Circaea alpina,920511
Circaea alpina x lutetiana (C. x intermedia),920512
Circaea lutetiana,920513
Cirsium acaule,920514
Cirsium arvense,920515
Cirsium dissectum,920516
Cirsium eriophorum,920517
Cirsium heterophyllum,920518
Cirsium oleraceum,920519
Cirsium palustre,920520
Cirsium tuberosum,920521
Cirsium vulgare,920522
Cladium mariscus,920523
Claytonia sibirica,920524
Claytonia perfoliata,920525
Clematis vitalba,920528
Clinopodium vulgare,920530
Cochlearia anglica,920532
Cochlearia danica,920533
Cochlearia micacea,920534
Cochlearia officinalis subsp.scotica,920536
Coeloglossum viride,920537
Colchicum autumnale,920538
Colutea arborescens,920539
Conium maculatum,920540
Conopodium majus,920541
Conringia orientalis,920542
Convallaria majalis,920543
Convolvulus arvensis,920544
Corallorhiza trifida,920545
Cornus alba,920547
Cornus sanguinea,920548
Cornus sericea,920549
Securigera varia,920550
Coronopus didymus,920551
Coronopus squamatus,920552
Corrigiola litoralis,920553
Corydalis solida,920554
Ceratocapnos claviculata,920555
Pseudofumaria lutea,920556
Corylus avellana,920557
Corynephorus canescens,920558
Cotoneaster horizontalis sens.str.,920560
Cotoneaster integerrimus,920561
Cotoneaster integrifolius,920562
Cotoneaster simonsii,920563
Cotula coronopifolia,920564
Crambe maritima,920565
Crassula aquatica,920566
Crassula tillaea,920567
Crataegus laevigata x monogyna (C. x macrocarpa),920568
Crataegus monogyna,920569
Crataegus laevigata,920570
Crepis biennis,920571
Crepis capillaris,920572
Crepis foetida,920573
Crepis mollis,920574
Crepis nicaeensis,920575
Crepis paludosa,920576
Crepis vesicaria,920578
Crithmum maritimum,920579
Crocosmia x crocosmiiflora (C. aurea x pottsii),920580
Crocus vernus,920582
Crocus nudiflorus,920584
Cucubalus baccifer,920587
Cuscuta epilinum,920588
Cuscuta epithymum,920589
Cuscuta europaea,920590
Cyclamen hederifolium,920591
Cymbalaria muralis,920592
Cymbalaria pallida,920593
Cynodon dactylon,920594
Cynoglossum germanicum,920595
Cynoglossum officinale,920596
Cynosurus cristatus,920597
Cynosurus echinatus,920598
Cyperus fuscus,920599
Cyperus longus,920600
Cypripedium calceolus,920601
Daboecia cantabrica,920605
Dactylis glomerata,920607
Dactylorhiza fuchsii,920608
Dactylorhiza incarnata,920609
Dactylorhiza maculata,920610
Dactylorhiza majalis,920611
Dactylorhiza majalis praetermissa,920612
Dactylorhiza purpurella,920613
Dactylorhiza traunsteineri,920614
Damasonium alisma,920615
Physospermum cornubiense,920616
Daphne laureola,920617
Daphne mezereum,920618
Datura stramonium,920619
Daucus carota subsp.carota,920620
Consolida ajacis,920622
Consolida orientalis,920624
Cardamine bulbifera,920625
Deschampsia cespitosa alpina,920626
Deschampsia cespitosa,920627
Deschampsia flexuosa,920628
Deschampsia setacea,920629
Descurainia sophia,920630
Dianthus armeria,920631
Dianthus barbatus,920632
Dianthus deltoides,920635
Dianthus gratianopolitanus,920637
Diapensia lapponica,920639
Digitalis purpurea,920640
Digitaria ischaemum,920641
Digitaria sanguinalis,920642
Diplotaxis muralis,920644
Diplotaxis tenuifolia,920645
Dipsacus fullonum,920646.1
Dipsacus sativus,920646.2
Dipsacus pilosus,920647
Doronicum pardalianches,920648
Doronicum plantagineum,920649
Draba aizoides,920650
Draba incana,920651
Draba muralis,920652
Draba norvegica,920653
Drosera longifolia,920654
Drosera intermedia,920655
Drosera longifolia x rotundifolia (D. x obovata),920656
Drosera rotundifolia,920657
Dryas octopetala,920658
Echinochloa crusgalli,920668
Echium plantagineum,920669
Echium vulgare,920670
Elatine hexandra,920671
Elatine hydropiper,920672
Eleocharis acicularis,920673
Eleocharis multicaulis,920674
Eleocharis palustris,920675
Eleocharis parvula,920676
Eleocharis quinqueflora,920677
Eleocharis uniglumis,920678
Eleogiton fluitans,920679
Elodea callitrichoides,920680
Elodea canadensis,920681
Leymus arenarius,920682
Empetrum nigrum subsp.hermaphroditum,920683
Empetrum nigrum,920684
Empetrum nigrum subsp.nigrum,920685
Hyacinthoides hispanica,920686
Hyacinthoides non-scripta,920687
Epilobium ciliatum,920688
Epilobium tetragonum tetragonum,920689
Epilobium alsinifolium,920690
Epilobium anagallidifolium,920691
Epilobium hirsutum,920692
Epilobium lanceolatum,920694
Epilobium montanum,920695
Epilobium obscurum,920696
Epilobium palustre,920697
Epilobium parviflorum,920698
Epilobium brunnescens,920699
Epilobium roseum,920700
Epimedium alpinum,920701
Epipactis atrorubens,920702
Epipactis dunensis,920704
Epipactis helleborine,920705
Epipactis palustris,920708
Epipactis phyllanthes,920709
Epipactis purpurata,920710
Epipogium aphyllum,920711
Eranthis hyemalis,920724
Erica ciliaris,920725
Erica cinerea,920726
Erica lusitanica,920727
Erica mackaiana,920728
Erica erigena,920729
Erica tetralix,920731
Erica vagans,920732
Erigeron acer,920733
Erigeron borealis,920734
Conyza canadensis,920735
Erigeron karvinskianus,920736
Erinus alpinus,920738
Eriocaulon aquaticum,920739
Eriophorum angustifolium,920740
Eriophorum gracile,920742
Eriophorum latifolium,920743
Eriophorum vaginatum,920744
Erodium cicutarium agg.,920745
Erodium lebelii,920747
Erodium maritimum,920748
Erodium moschatum,920749
Erophila verna praecox,920751
Erophila verna spathulata,920752
Erophila verna sens.lat.,920753
Eruca vesicaria,920755
Erucastrum gallicum,920756
Eryngium campestre,920757
Eryngium maritimum,920758
Erysimum cheiranthoides,920759
Escallonia macrantha,920760
Eschscholzia californica,920761
Euonymus europaeus,920762
Eupatorium cannabinum,920763
Euphorbia amygdaloides,920764
Euphorbia corallioides,920766
Euphorbia cyparissias,920767
Euphorbia dulcis,920768
Euphorbia esula,920770
Euphorbia exigua,920771
Euphorbia helioscopia,920772
Euphorbia hyberna,920773
Euphorbia lathyris,920774
Euphorbia paralias,920775
Euphorbia peplis,920776
Euphorbia peplus,920777
Euphorbia villosa,920778
Euphorbia platyphyllos,920779
Euphorbia portlandica,920780
Euphorbia serrulata,920781
Euphrasia anglica,920783
Euphrasia arctica subsp.borealis,920785
Euphrasia cambrica,920786
Euphrasia campbelliae,920787
Euphrasia confusa,920788
Euphrasia ostenfeldii,920789
Euphrasia foulaensis,920791
Euphrasia frigida,920792
Euphrasia heslop-harrisonii,920793
Euphrasia marshallii,920795
Euphrasia micrantha,920796
Euphrasia rostkoviana subsp.montana,920797
Euphrasia nemorosa,920798
Euphrasia tetraquetra,920799
Euphrasia vigursii,920800
Euphrasia pseudokerneri,920801
Euphrasia rhumica,920802
Euphrasia rivularis,920803
Euphrasia rotundifolia,920805
Euphrasia salisburgensis,920806
Euphrasia scottica,920807
Exaculum pusillum,920808
Fagopyrum esculentum,920809
Fagus sylvatica,920810
Falcaria vulgaris,920811
Festuca altissima,920812
Festuca arundinacea,920813
Festuca pratensis x Lolium perenne (x Festulolium loliaceum),920815
Festuca gigantea,920816
Festuca longifolia,920817
Festuca heterophylla,920818
Festuca arenaria,920819
Festuca ovina agg.,920821
Festuca filiformis,920822.2
Festuca pratensis,920823
Festuca rubra agg.,920824
Festuca rubra subsp.commutata,920825.2
Festuca vivipara,920826
Filago lutescens,920827
Logfia arvensis,920828
Filago gallica,920829
Filago vulgaris,920830
Filago minima,920831
Filago pyramidata,920832
Filipendula ulmaria,920833
Filipendula vulgaris,920834
Foeniculum vulgare,920835
Fragaria x ananassa,920836
Fragaria moschata,920837
Fragaria vesca,920838
Frangula alnus,920839
Frankenia laevis,920840
Fraxinus excelsior (c),920841
Fritillaria meleagris,920842
Fuchsia magellanica,920844
Fumaria bastardii,920845
Fumaria capreolata,920847
Fumaria reuteri,920848
Fumaria densiflora,920849
Fumaria muralis,920850
Fumaria occidentalis,920853
Fumaria officinalis,920854
Fumaria parviflora,920856
Fumaria purpurea,920857
Fumaria vaillantii,920858
Gagea lutea,920859
Galanthus nivalis,920860
Galega officinalis,920861
Lamiastrum galeobdolon,920862
Galeopsis angustifolia,920863
Galeopsis bifida,920864
Galeopsis segetum,920865
Galeopsis speciosa,920867
Galeopsis tetrahit agg.,920868
Galinsoga quadriradiata,920870
Galinsoga parviflora,920871
Galium parisiense,920872
Galium aparine,920873
Galium boreale,920874
Cruciata laevipes,920875
Galium constrictum,920876
Galium mollugo subsp.erectum,920877
Galium saxatile,920878
Galium mollugo,920879
Galium mollugo x verum (G. x pomeranicum),920881
Galium palustre,920882
Galium palustre subsp.elongatum,920882.1
Galium pumilum,920883.1
Galium sterneri,920883.2
Galium spurium,920885
Galium tricornutum,920886
Galium uliginosum,920887
Galium verum,920888
Gastridium ventricosum,920889
Gaultheria shallon,920890
Genista anglica,920891
Genista pilosa,920892
Genista tinctoria,920893
Gentiana nivalis,920894
Gentiana pneumonanthe,920895
Gentiana verna,920896
Gentianella amarella,920897
Gentianella anglica,920899
Gentianella campestris,920901
Gentianella germanica,920903
Gentianella amarella subsp.septentrionalis,920904
Gentianella uliginosa,920905
Geranium columbinum,920906
Geranium dissectum,920907
Geranium endressii,920908
Geranium lucidum,920909
Geranium macrorrhizum,920910
Geranium molle,920911
Geranium nodosum,920912
Geranium phaeum,920913
Geranium pratense,920914
Geranium purpureum,920915
Geranium pusillum,920916
Geranium pyrenaicum,920917
Geranium robertianum,920918
Geranium rotundifolium,920919
Geranium sanguineum,920920
Geranium sylvaticum,920921
Geranium versicolor,920922
Geum rivale x urbanum (G. x intermedium),920923
Geum rivale,920924
Geum urbanum,920925
Gladiolus illyricus,920926
Glaucium corniculatum,920928
Glaucium flavum,920929
Glaux maritima,920930
Glechoma hederacea,920931
Glyceria declinata,920932
Glyceria fluitans,920933
Glyceria maxima,920934
Glyceria fluitans x notata (G. x pedicellata),920935
Glyceria notata,920936
Gnaphalium luteoalbum,920937
Gnaphalium norvegicum,920938
Gnaphalium supinum,920939
Gnaphalium sylvaticum,920940
Gnaphalium uliginosum,920941
Goodyera repens,920943
Groenlandia densa,920944
Gunnera tinctoria,920945
Pseudorchis albida,920947
Gymnadenia conopsea,920948
Atriplex pedunculata,920949
Atriplex portulacoides,920950
Hammarbya paludosa,920951
Hedera helix,920952
Helianthemum apenninum,920953
Helianthemum canum,920954
Helianthemum nummularium,920955
Tuberaria guttata,920956
Helianthus annuus,920957
Helianthus tuberosus,920960
Helictotrichon pratense,920961
Helictotrichon pubescens,920962
Helleborus foetidus,920963
Helleborus viridis,920964
Soleirolia soleirolii,920965
Heracleum mantegazzianum,920966
Heracleum sphondylium,920968
Herminium monorchis,920969
Hermodactylus tuberosus,920970
Herniaria ciliolata,920971
Herniaria glabra,920973
Herniaria hirsuta,920974
Hesperis matronalis,920975
Pilosella officinarum,920976
Hierochloe odorata,920977
Himantoglossum hircinum,920978
Hippocrepis comosa,920979
Hippophae rhamnoides,920980
Hippuris vulgaris,920981
Hirschfeldia incana,920982
Holcus lanatus,920983
Holcus mollis,920984
Scirpoides holoschoenus,920985
Holosteum umbellatum,920986
Homogyne alpina,920987
Honckenya peploides,920988
Hordelymus europaeus,920989
Hordeum marinum,920991
Hordeum murinum,920992
Hordeum secalinum,920993
Hornungia petraea,920994
Hottonia palustris,920995
Humulus lupulus,920996
Elodea nuttallii,920997
Hydrocharis morsus-ranae,920998
Hydrocotyle vulgaris,920999
Cardamine hirsuta/flexuosa,2000070
Carex pulicaris/serotina,2000087
Hymenophyllum tunbrigense,9101000
Hymenophyllum wilsonii,9101001
Isoetes echinospora,9101043
Isoetes histrix,9101044
Isoetes lacustris,9101045
Diphasiastrum alpinum,9101213
Lycopodium annotinum,9101214
Lycopodium clavatum,9101215
Lycopodiella inundata,9101216
Huperzia selago,9101217
Ophioglossum lusitanicum,9101380
Ophioglossum azoricum,9101381.1
Ophioglossum vulgatum,9101381.2
Osmunda regalis,9101411
Phyllitis scolopendrium,9101466
Pilularia globulifera,9101474
Polypodium vulgare sens.lat.,9101544
Polypodium cambricum,9101544.1
Polypodium vulgare sens.str.,9101544.2
Polypodium interjectum,9101544.3
Polystichum aculeatum,9101546
Polystichum lonchitis,9101547
Polystichum setiferum,9101548
Pteridium aquilinum,9101619
Selaginella kraussiana,9101887
Selaginella selaginoides,9101888
Gymnocarpium dryopteris,9102050
Oreopteris limbosperma,9102051
Thelypteris palustris,9102052
Phegopteris connectilis,9102053
Gymnocarpium robertianum,9102054
Trichomanes speciosum,9102075
Woodsia alpina,9102232
Woodsia ilvensis,9102233
Dryopteris expansa,9102274
Diphasiastrum complanatum,9102277
Dryopteris remota,9102499
Onoclea sensibilis,9102505
Dryopteris carthusiana x dilatata (D. x deweveri),9102584
Dryopteris affinis x filix-mas (D. x complexa),9102588
Equisetum arvense x palustre (E. x rothmaleri),9102592
Asplenium sp.,9104623
Dryopteris sp.,9104634
Equisetum sp.,9104635
Lycopodium sp.,9104641
Polystichum sp.,9104651
Hyoscyamus niger,9201002
Hypericum androsaemum,9201003
Hypericum calycinum,9201004
Hypericum maculatum,9201006
Hypericum androsaemum x hircinum (H. x inodorum),9201007
Hypericum elodes,9201008
Hypericum hircinum,9201009
Hypericum hirsutum,9201010
Hypericum humifusum,9201011
Hypericum linariifolium,9201012
Hypericum montanum,9201013
Hypericum perforatum,9201014
Hypericum pulchrum,9201015
Hypericum tetrapterum,9201016
Hypericum undulatum,9201017
Hypochaeris glabra,9201018
Hypochaeris maculata,9201019
Hypochaeris radicata,9201020
Iberis amara,9201022
Ilex aquifolium,9201023
Illecebrum verticillatum,9201024
Impatiens capensis,9201025
Impatiens glandulifera,9201026
Impatiens noli-tangere,9201027
Impatiens parviflora,9201028
Inula conyzae,9201030
Inula crithmoides,9201031
Inula helenium,9201033
Inula salicina,9201034
Iris foetidissima,9201036
Iris germanica,9201037
Iris pseudacorus,9201038
Iris spuria,9201039
Iris versicolor,9201040
Isatis tinctoria,9201041
Ludwigia palustris,9201042
Isolepis cernua,9201046
Isolepis setacea,9201047
Jasione montana,9201048
Juglans regia,9201049
Juncus acutiflorus,9201050
Juncus acutus,9201052
Juncus alpinoarticulatus,9201053
Juncus articulatus,9201054
Juncus balticus,9201055
Juncus biglumis,9201056
Juncus bufonius sens.lat.,9201057
Juncus ambiguus,9201057.1
Juncus bufonius sens.str.,9201057.2
Juncus foliosus,9201057.3
Juncus bulbosus,9201058
Juncus bulbosus fluitans,9201058.1
Juncus capitatus,9201060
Juncus castaneus,9201061
Juncus compressus,9201062
Juncus conglomeratus,9201063
Juncus effusus x inflexus (J. x diffusus),9201065
Juncus effusus,9201067
Juncus filiformis,9201068
Juncus gerardii,9201069
Juncus inflexus,9201070
Juncus maritimus,9201072
Juncus pygmaeus,9201073
Juncus alpinus nodulosus,9201074
Juncus squarrosus,9201075
Juncus subnodulosus,9201076
Juncus tenuis,9201077
Juncus trifidus,9201078
Juncus triglumis,9201079
Juniperus communis,9201080
Juniperus communis subsp.communis,9201080.1
Juniperus communis subsp.alpina,9201080.2
Kalmia polifolia,9201081
Kickxia elatine,9201082
Kickxia spuria,9201083
Knautia arvensis,9201084
Kobresia simpliciuscula,9201085
Koeleria macrantha,9201087
Koeleria vallesiana,9201088
Koenigia islandica,9201089
Petrorhagia nanteuilii,9201090.1
Petrorhagia prolifera,9201090.2
Laburnum anagyroides,9201091
Lactuca saligna,9201092
Lactuca serriola,9201094
Lactuca virosa,9201095
Lagarosiphon major,9201096
Lagurus ovatus,9201097
Lamium album,9201098
Lamium amplexicaule,9201099
Lamium hybridum,9201100
Lamium maculatum,9201101
Lamium confertum,9201102
Lamium purpureum,9201103
Lapsana communis,9201104
Larix decidua (c),9201105
Lathraea clandestina,9201106
Lathraea squamaria,9201107
Lathyrus aphaca,9201108
Lathyrus hirsutus,9201109
Lathyrus japonicus,9201110
Lathyrus latifolius,9201111
Lathyrus linifolius,9201112
Lathyrus niger,9201113
Lathyrus nissolia,9201114
Lathyrus palustris,9201115
Lathyrus pratensis,9201116
Lathyrus sylvestris,9201117
Lathyrus tuberosus,9201118
Lavatera arborea,9201119
Lavatera cretica,9201120
Ledum palustre groenlandicum,9201121
Ledum palustre palustre,9201122
Leersia oryzoides,9201123
Legousia hybrida,9201124
Lemna gibba,9201125
Lemna minor,9201126
Spirodela polyrhiza,9201127
Lemna trisulca,9201128
Leontodon autumnalis,9201129
Leontodon hispidus,9201130
Leontodon saxatilis,9201131
Leonurus cardiaca,9201132
Lepidium campestre,9201133
Lepidium latifolium,9201135
Lepidium ruderale,9201137
Lepidium sativum,9201138
Lepidium heterophyllum,9201139
Leucojum aestivum,9201140
Leucojum vernum,9201141
Leycesteria formosa,9201142
Ligusticum scoticum,9201143
Ligustrum vulgare,9201144
Lilium martagon,9201145
Lilium pyrenaicum,9201146
Limonium bellidifolium,9201147
Limonium binervosum agg.,9201148
Limonium humile,9201149
Limonium auriculae-ursifolium,9201150
Limonium paradoxum,9201151
Limonium recurvum,9201152
Limonium transwallianum,9201153
Limonium vulgare,9201154
Limosella aquatica,9201155
Limosella australis,9201157
Linaria arenaria,9201158
Linaria pelisseriana,9201159
Linaria purpurea,9201160
Linaria repens,9201161
Linaria supina,9201163
Linaria vulgaris,9201164
Linnaea borealis,9201165
Aster linosyris,9201166
Linum perenne,9201167
Linum bienne,9201168
Linum catharticum,9201169
Linum usitatissimum,9201170
Liparis loeselii,9201171
Listera cordata,9201172
Listera ovata,9201173
Lithospermum officinale,9201174
Littorella uniflora,9201175
Lloydia serotina,9201176
Lobelia dortmanna,9201177
Lobelia urens,9201178
Lobularia maritima,9201179
Loiseleuria procumbens,9201180
Lolium multiflorum x perenne (L. x boucheanum),9201181
Lolium multiflorum,9201182
Lolium perenne,9201183
Lolium temulentum,9201185
Lonicera caprifolium,9201186
Lonicera japonica,9201187
Lonicera periclymenum,9201188
Lonicera xylosteum,9201189
Lotus angustissimus,9201190
Lotus corniculatus,9201191
Lotus subbiflorus,9201192
Lotus glaber,9201193
Lotus pedunculatus,9201194
Lunaria annua,9201195
Lupinus arboreus,9201196
Lupinus nootkatensis,9201197
Luronium natans,9201198
Luzula arcuata,9201199
Luzula campestris,9201201
Luzula forsteri,9201202
Luzula luzuloides,9201203
Luzula multiflora,9201204
Luzula pallidula,9201206
Luzula pilosa,9201207
Luzula spicata,9201208
Luzula sylvatica,9201209
Lychnis flos-cuculi,9201210
Lycium chinense,9201211
Lycium barbarum,9201212
Anchusa arvensis,9201218
Lycopus europaeus,9201219
Lysimachia ciliata,9201220
Lysimachia nemorum,9201221
Lysimachia nummularia,9201222
Lysimachia punctata,9201223
Lysimachia terrestris,9201224
Lysimachia vulgaris,9201225
Lythrum hyssopifolia,9201226
Lythrum salicaria,9201227
Mahonia aquifolium,9201228
Maianthemum bifolium,9201229
Malus sylvestris,9201230
Malus domestica,9201230.1
Malva moschata,9201232
Malva neglecta,9201233
Malva parviflora,9201234
Malva pusilla,9201235
Malva sylvestris,9201236
Malva verticillata,9201237
Marrubium vulgare,9201238
Matricaria recutita,9201239
Tripleurospermum maritimum sens.lat.,9201241
Tripleurospermum inodorum,9201241.1
Matricaria discoidea,9201242
Matthiola incana,9201244
Matthiola sinuata,9201245
Meconopsis cambrica,9201246
Medicago arabica,9201247
Medicago sativa subsp.falcata,9201248
Medicago polymorpha,9201249
Medicago lupulina,9201250
Medicago minima,9201251
Medicago sativa,9201252
Medicago sativa subsp. varia,9201253
Melampyrum arvense,9201254
Melampyrum cristatum,9201255
Melampyrum pratense,9201256
Melampyrum sylvaticum,9201257
Silene latifolia,9201258
Silene dioica,9201259
Silene dioica x latifolia (S. x hampeana),9201260
Silene noctiflora,9201261
Melica nutans,9201262
Melica uniflora,9201263
Melilotus albus,9201264
Melilotus altissimus,9201265
Melilotus indicus,9201266
Melilotus officinalis,9201267
Melissa officinalis,9201268
Melittis melissophyllum,9201269
Mentha spicata x suaveolens (M. x villosa),9201270
Mentha aquatica,9201272
Mentha arvensis,9201273
Mentha arvensis x spicata (M. x gracilis),9201276
Mentha aquatica x spicata (M. x piperita),9201279
Mentha pulegium,9201280
Mentha requienii,9201281
Mentha x smithiana (M. aquatica x arvensis x spicata),9201284
Mentha spicata,9201285
Mentha aquatica x arvensis (M. x verticillata),9201286
Menyanthes trifoliata,9201289
Mercurialis annua,9201290
Mercurialis perennis,9201291
Mertensia maritima,9201292
Mespilus germanica,9201293
Meum athamanticum,9201294
Mibora minima,9201295
Milium effusum,9201296
Milium vernale,9201297
Mimulus seedling/sp,9201298
Mimulus luteus,9201299
Mimulus moschatus,9201300
Minuartia rubella,9201301
Minuartia stricta,9201302
Minuartia hybrida,9201303
Minuartia verna,9201304
Moehringia trinervia,9201305
Moenchia erecta,9201306
Molinia caerulea,9201307
Moneses uniflora,9201308
Monotropa hypopitys,9201310
Monotropa hypopitys subsp.hypopitys,9201311
Montia fontana,9201312
Muscari neglectum,9201313
Muscari comosum,9201314
Mycelis muralis,9201315
Myosotis alpestris,9201316
Myosotis arvensis,9201317
Myosotis stolonifera,9201318
Myosotis laxa,9201319
Myosotis ramosissima,9201320
Myosotis discolor,9201321
Myosotis scorpioides,9201322
Myosotis secunda,9201323
Myosotis sicula,9201324
Myosotis sylvatica,9201325
Myosoton aquaticum,9201326
Myosurus minimus,9201327
Myrica gale,9201328
Myrica cerifera,9201329
Myriophyllum alterniflorum,9201330
Myriophyllum spicatum,9201331
Myriophyllum verticillatum,9201332
Myrrhis odorata,9201333
Najas flexilis,9201334
Najas marina,9201336
Narcissus pseudonarcissus subsp.pseudonarcissus,9201343
Nardus stricta,9201344
Narthecium ossifragum,9201345
Rorippa microphylla,9201346
Rorippa nasturtium-aquaticum sens.str.,9201347
Rorippa nasturtium-aquaticum agg.,9201348
Rorippa microphylla x nasturtium-aquaticum (R. x sterilis),9201349
Lysimachia thyrsiflora,9201350
Neotinea maculata,9201351
Neottia nidus-avis,9201352
Nepeta cataria,9201353
Nuphar lutea,9201356
Nuphar pumila,9201357
Nymphaea alba,9201358
Nymphoides peltata,9201360
Odontites vernus,9201361
Odontites vernus subsp.serotinus,9201361.1
Oenanthe aquatica,9201362
Oenanthe crocata,9201363
Oenanthe fistulosa,9201364
Oenanthe fluviatilis,9201365
Oenanthe lachenalii,9201366
Oenanthe pimpinelloides,9201367
Oenanthe silaifolia,9201368
Oenothera parviflora,9201369
Oenothera biennis,9201370
Oenothera glazioviana,9201371
Oenothera stricta,9201373
Omphalodes verna,9201374
Onobrychis viciifolia,9201375
Ononis reclinata,9201376
Ononis repens,9201377
Ononis spinosa,9201378
Onopordum acanthium,9201379
Ophrys apifera,9201382
Ophrys fuciflora,9201383
Ophrys insectifera,9201384
Ophrys sphegodes,9201385
Orchis laxiflora,9201386
Orchis mascula,9201387
Orchis militaris,9201388
Orchis morio,9201389
Orchis purpurea,9201390
Orchis simia,9201391
Orchis ustulata,9201392
Origanum vulgare,9201393
Ornithogalum nutans,9201394
Ornithogalum pyrenaicum,9201395
Ornithogalum angustifolium,9201396
Ornithopus perpusillus,9201397
Ornithopus pinnatus,9201398
Orobanche alba,9201399
Orobanche caryophyllacea,9201400
Orobanche elatior,9201401
Orobanche hederae,9201402
Orobanche minor,9201404
Orobanche artemisiae-campestris,9201405
Orobanche purpurea,9201406
Orobanche ramosa,9201407
Orobanche rapum-genistae,9201408
Orobanche reticulata,9201409
Orthilia secunda,9201410
Otanthus maritimus,9201412
Oxalis acetosella,9201413
Oxalis corniculata,9201414
Oxalis exilis,9201414.3
Oxalis articulata,9201415
Oxalis stricta,9201416
Vaccinium macrocarpon,9201417
Vaccinium microcarpum,9201418
Vaccinium oxycoccos,9201419
Oxyria digyna,9201420
Oxytropis campestris,9201421
Oxytropis halleri,9201422
Paeonia mascula,9201423
Papaver argemone,9201424
Papaver dubium subsp.dubium,9201426
Papaver hybridum,9201427
Papaver dubium subsp.lecoqii,9201429
Papaver rhoeas,9201430
Papaver somniferum,9201431
Parapholis incurva,9201432
Parapholis strigosa,9201433
Parentucellia viscosa,9201434
Parietaria judaica,9201435
Paris quadrifolia,9201436
Parnassia palustris,9201437
Pastinaca sativa,9201440
Pedicularis palustris,9201441
Pedicularis sylvatica,9201442
Pentaglottis sempervirens,9201443
Lythrum portula,9201444
Petasites albus,9201445
Petasites fragrans,9201446
Petasites hybridus,9201447
Petasites japonicus,9201448
Petroselinum crispum,9201449
Petroselinum segetum,9201450
Peucedanum officinale,9201451
Peucedanum ostruthium,9201452
Peucedanum palustre,9201453
Phalaris arundinacea,9201454
Phalaris canariensis,9201455
Phalaris minor,9201456
Phleum arenarium,9201459
Phleum alpinum,9201460
Phleum bertolonii,9201461
Phleum phleoides,9201462
Phlomis fruticosa,9201464
Phragmites australis,9201465
Phyllodoce caerulea,9201467
Phyteuma spicatum,9201468
Phyteuma orbiculare,9201469
Picea abies,9201470
Picris echioides,9201471
Picris hieracioides,9201472
Pimpinella major,9201475
Pimpinella saxifraga,9201476
Pinguicula alpina,9201477
Pinguicula grandiflora,9201478
Pinguicula lusitanica,9201480
Pinguicula vulgaris,9201481
Pinus nigra,9201482
Pinus pinaster,9201483
Pinus sylvestris,9201484
Plantago coronopus,9201485
Plantago lanceolata,9201487
Plantago major,9201488
Plantago maritima,9201489
Plantago media,9201490
Platanthera bifolia,9201492
Platanthera chlorantha,9201493
Poa alpina,9201494
Poa annua,9201495
Poa bulbosa,9201497
Poa chaixii,9201498
Poa compressa,9201499
Poa flexuosa,9201500
Poa glauca,9201501
Poa infirma,9201502
Poa alpina x flexuosa (P. x jemtlandica),9201503
Poa nemoralis,9201504
Poa palustris,9201505
Poa pratensis sens.lat.,9201506
Poa angustifolia,9201506.2
Poa humilis,9201506.5
Poa trivialis,9201507
Polemonium caeruleum,9201508
Polycarpon tetraphyllum,9201509
Polygala amarella,9201510
Polygala calcarea,9201512
Polygala serpyllifolia,9201514
Polygala oxyptera,9201515
Polygonatum multiflorum,9201516
Polygonatum odoratum,9201518
Polygonatum verticillatum,9201519
Polygonum arenastrum,9201520
Persicaria amphibia,9201521
Polygonum aviculare agg.,9201522
Fallopia baldschuanica,9201524
Persicaria bistorta,9201525
Fallopia convolvulus,9201527
Fallopia japonica,9201528
Fallopia dumetorum,9201529
Persicaria hydropiper,9201530
Polygonum lapathifolium,9201531
Polygonum maritimum,9201533
Persicaria minor,9201534
Persicaria laxiflora,9201535
Persicaria maculosa,9201537
Persicaria wallichii,9201538
Polygonum oxyspermum,9201539
Polygonum rurivagum,9201540
Fallopia sachalinensis,9201541
Persicaria vivipara,9201543
Polypogon monspeliensis,9201545
Populus alba,9201549
Populus canescens,9201551
Populus candicans,9201552
Populus nigra cv. italica,9201553
Populus nigra subsp.betulifolia,9201554
Populus tremula,9201555
Portulaca oleracea,9201556
Potamogeton acutifolius,9201557
Potamogeton alpinus,9201558
Potamogeton berchtoldii,9201559
Potamogeton coloratus,9201561
Potamogeton compressus,9201562
Potamogeton crispus,9201563
Potamogeton epihydrus,9201565
Potamogeton filiformis,9201566
Potamogeton friesii,9201567
Potamogeton gramineus,9201568
Potamogeton lucens,9201569
Potamogeton natans,9201570
Potamogeton nodosus,9201572
Potamogeton obtusifolius,9201573
Potamogeton pectinatus,9201574
Potamogeton perfoliatus,9201575
Potamogeton polygonifolius,9201576
Potamogeton praelongus,9201577
Potamogeton pusillus,9201578
Potamogeton rutilus,9201579
Potamogeton trichoides,9201581
Potentilla anglica,9201583
Potentilla anserina,9201584
Potentilla argentea,9201585
Potentilla crantzii,9201587
Potentilla erecta,9201588
Potentilla fruticosa,9201589
Potentilla intermedia,9201590
Potentilla norvegica,9201591
Potentilla palustris,9201592
Potentilla recta,9201593
Potentilla reptans,9201594
Potentilla rupestris,9201595
Potentilla sterilis,9201596
Potentilla neumanniana,9201597
Sanguisorba minor subsp.muricata,9201598
Primula elatior,9201600
Primula elatior x vulgaris (P. x digenea),9201602
Primula farinosa,9201603
Primula scotica,9201604
Primula veris,9201605
Primula veris x vulgaris (P. x polyantha),9201606
Primula vulgaris,9201607
Prunella laciniata,9201609
Prunella vulgaris,9201610
Prunus avium,9201611
Prunus cerasifera,9201612
Prunus cerasus,9201613
Prunus domestica,9201614
Prunus laurocerasus,9201615
Prunus padus,9201616
Prunus spinosa,9201617
Pseudotsuga menziesii,9201618
Puccinellia distans,9201620
Puccinellia fasciculata,9201621
Puccinellia maritima,9201622
Puccinellia rupestris,9201624
Pulicaria dysenterica,9201625
Pulicaria vulgaris,9201626
Pulmonaria longifolia,9201627
Pulmonaria officinalis,9201628
Pyrola media,9201630
Pyrola minor,9201631
Pyrus communis,9201633
Pyrus cordata,9201634
Quercus cerris,9201635
Quercus ilex,9201637
Quercus petraea,9201638
Quercus petraea x robur (g),9201639
Quercus robur,9201640
Radiola linoides,9201641
Ranunculus acris,9201642
Ranunculus aquatilis,9201643.1
Ranunculus peltatus,9201643.2
Ranunculus penicillatus,9201643.3
Ranunculus pseudofluitans,9201643.6
Ranunculus arvensis,9201644
Ranunculus auricomus,9201645
Ranunculus baudotii,9201646
Ranunculus bulbosus,9201647
Ranunculus circinatus,9201648
Ranunculus ficaria,9201649
Ranunculus paludosus,9201650
Ranunculus flammula,9201651
Ranunculus fluitans,9201652
Ranunculus hederaceus,9201653
Ranunculus omiophyllus,9201654
Ranunculus lingua,9201655
Ranunculus muricatus,9201657
Ranunculus ophioglossifolius,9201658
Ranunculus parviflorus,9201659
Ranunculus repens,9201660
Ranunculus reptans,9201661
Ranunculus sardous,9201662
Ranunculus sceleratus,9201663
Ranunculus trichophyllus,9201664
Ranunculus tripartitus,9201665
Raphanus raphanistrum subsp.maritimus,9201666
Radish,9201668
Rapistrum perenne,9201669
Rapistrum rugosum,9201670
Reseda alba,9201671
Reseda lutea,9201672
Reseda luteola,9201673
Reseda phyteuma,9201674
Rhamnus cathartica,9201675
Rhinanthus minor subsp.borealis,9201676
Rhinanthus minor,9201678
Rhinanthus angustifolius,9201683
Rhinanthus minor subsp.monticola,9201684
Rhinanthus minor subsp.stenophyllus,9201685
Rhododendron luteum,9201686
Rhododendron ponticum,9201687
Coincya monensis subsp.recurvata,9201688
Coincya wrightii,9201690
Rhynchospora alba,9201691
Rhynchospora fusca,9201692
Ribes alpinum,9201693
Ribes nigrum,9201694
Ribes spicatum,9201695
Ribes rubrum,9201696
Ribes uva-crispa,9201697
Robinia pseudoacacia,9201698
Roemeria hybrida,9201699
Romulea columnae,9201700
Rorippa amphibia,9201701
Rorippa austriaca,9201702
Rorippa palustris,9201703
Rorippa sylvestris,9201704
Rosa seedling/sp,9201705
Rosa agrestis,9201706
Rosa arvensis,9201707
Rosa canina agg.,9201708
Rosa canina sens.str.,9201709
Rosa micrantha,9201712
Rosa obtusifolia,9201713
Rosa rubiginosa,9201714
Rosa rubiginosa sens.str.,9201715
Rosa rugosa,9201716
Rosa sherardii,9201718
Rosa pimpinellifolia,9201719
Rosa stylosa,9201720
Rosa tomentosa,9201721
Rosa villosa agg.,9201722
Rosa virginiana,9201724
Rubia peregrina,9201725
Rubus caesius,9201726
Rubus chamaemorus,9201727
Rubus fruticosus agg.,9201728
Rubus idaeus,9201729
Rubus saxatilis,9201730
Rubus spectabilis,9201731
Rubus ulmifolius (dis),9201732
Rudbeckia laciniata,9201733
Rumex acetosa,9201734
Rumex acetosella,9201735
Rumex pseudoalpinus,9201737
Rumex aquaticus,9201739
Rumex conglomeratus,9201741
Rumex crispus,9201742
Rumex cristatus,9201743
Rumex frutescens,9201744
Rumex hydrolapathum,9201745
Rumex longifolius,9201746
Rumex maritimus,9201747
Rumex obtusifolius,9201748
Rumex palustris,9201749
Rumex pulcher,9201751
Rumex rupestris,9201752
Rumex sanguineus,9201753
Rumex scutatus,9201754
Rumex tenuifolius,9201756
Rumex salicifolius,9201757
Ruppia maritima,9201758
Ruppia cirrhosa,9201759
Ruscus aculeatus,9201760
Sagina apetala subsp.erecta,9201761
Sagina apetala subsp.apetala,9201762
Sagina nivalis,9201764
Sagina maritima,9201765
Sagina nodosa,9201766
Sagina procumbens,9201767
Sagina saginoides,9201768
Sagina subulata,9201769
Sagittaria rigida,9201770
Sagittaria sagittifolia,9201771
Salicornia dolichostachya,9201774
Salicornia fragilis,9201776
Sarcocornia perennis,9201777
Salicornia nitens,9201778
Salicornia obscura,9201779
Salicornia pusilla,9201780
Salicornia ramosissima,9201781
Salix alba,9201784
Salix arbuscula,9201785
Salix atrocinerea,9201786
Salix aurita,9201787
Salix caprea,9201788
Salix caprea subsp.sphacelata,9201788.2
Salix cinerea,9201789
Salix fragilis,9201793
Salix herbacea,9201794
Salix lanata,9201795
Salix lapponum,9201796
Salix myrsinifolia,9201797
Salix myrsinites,9201798
Salix pentandra,9201799
Salix phylicifolia,9201800
Salix purpurea,9201801
Salix repens agg.,9201802
Salix reticulata,9201803
Salix triandra,9201804
Salix viminalis,9201805
Salvia pratensis,9201810
Salvia nemorosa,9201811
Salvia verbenaca,9201812
Salvia verticillata,9201813
Sambucus ebulus,9201814
Sambucus nigra,9201815
Sambucus racemosa,9201816
Samolus valerandi,9201817
Sanguisorba officinalis,9201818
Sanicula europaea,9201819
Saponaria officinalis,9201821
Cytisus scoparius,9201822
Cytisus scoparius subsp.maritimus,9201822.1
Saussurea alpina,9201825
Saxifraga aizoides,9201826
Saxifraga cernua,9201827
Saxifraga cespitosa,9201828
Saxifraga granulata,9201830
Saxifraga hirculus,9201832
Saxifraga hirsuta,9201833
Saxifraga hypnoides,9201835
Saxifraga nivalis,9201836
Saxifraga oppositifolia,9201837
Saxifraga rivularis,9201838
Saxifraga spathularis,9201840
Saxifraga spathularis x umbrosa (S. x urbium),9201841
Saxifraga stellaris,9201842
Saxifraga tridactylites,9201843
Saxifraga umbrosa,9201844
Scabiosa atropurpurea,9201845
Scabiosa columbaria,9201846
Scandix pecten-veneris,9201847
Scheuchzeria palustris,9201848
Schoenoplectus pungens,9201849
Schoenoplectus lacustris,9201851
Schoenoplectus tabernaemontani,9201852
Schoenoplectus triqueter,9201853
Schoenus ferrugineus,9201854
Schoenus nigricans,9201855
Scilla autumnalis,9201856
Scilla verna,9201857
Trichophorum cespitosum,9201858
Trichophorum alpinum,9201859
Bolboschoenus maritimus,9201860
Scirpus sylvaticus,9201861
Scleranthus annuus,9201862
Scleranthus perennis,9201863
Scorzonera humilis,9201864
Scrophularia auriculata,9201865
Scrophularia nodosa,9201867
Scrophularia scorodonia,9201868
Scrophularia umbrosa,9201869
Scrophularia vernalis,9201870
Scutellaria altissima,9201871
Scutellaria galericulata,9201872
Scutellaria minor,9201874
Sedum acre,9201875
Sedum album,9201876
Sedum anglicum,9201877
Sedum dasyphyllum,9201878
Sedum forsterianum,9201879
Sedum rupestre,9201881
Sedum rosea,9201882
Sedum sexangulare,9201883
Sedum spurium,9201884
Sedum telephium,9201885
Sedum villosum,9201886
Selinum carvifolia,9201889
Sempervivum tectorum,9201890
Senecio aquaticus,9201891
Senecio cineraria,9201892
Tephroseris palustris,9201893
Senecio doria,9201894
Senecio erucifolius,9201896
Senecio fluviatilis,9201897
Tephroseris integrifolia subsp.integrifolia,9201898
Senecio jacobaea,9201899
Senecio paludosus,9201900
Senecio squalidus,9201902
Senecio sylvaticus,9201903
Senecio viscosus,9201904
Senecio vulgaris,9201905
Serratula tinctoria,9201906
Seseli libanotis,9201907
Sesleria caerulea,9201908
Setaria viridis,9201911
Sherardia arvensis,9201912
Sibbaldia procumbens,9201913
Sibthorpia europaea,9201914
Danthonia decumbens,9201915
Silaum silaus,9201916
Silene acaulis,9201917
Silene gallica,9201918
Silene armeria,9201920
Silene conica,9201921
Silene italica,9201925
Silene uniflora,9201926
Silene nutans,9201928
Silene otites,9201929
Silybum marianum,9201930
Simethis planifolia,9201931
Sinapis alba,9201932
Sinapis arvensis,9201933
Sison amomum,9201934
Sisymbrium altissimum,9201935
Sisymbrium irio,9201936
Sisymbrium loeselii,9201937
Sisymbrium officinale,9201938
Sisymbrium orientale,9201939
Sisymbrium strictissimum,9201941
Sisyrinchium bermudiana,9201942
Sium latifolium,9201944
Smyrnium olusatrum,9201945
Solanum sarachoides,9201946
Solanum dulcamara,9201947
Solanum villosum,9201948
Solanum nigrum,9201949
Solanum triflorum,9201950
Solidago virgaurea,9201951
Sonchus arvensis,9201952
Sonchus asper,9201953
Sonchus oleraceus,9201954
Sonchus palustris,9201955
Sorbus anglica,9201956
Sorbus aria,9201958
Sorbus arranensis,9201959
Sorbus aucuparia,9201960
Sorbus bristoliensis,9201961
Sorbus devoniensis,9201962
Sorbus domestica,9201963
Sorbus eminens,9201964
Sorbus hibernica,9201965
Sorbus intermedia sens.str.,9201966
Sorbus lancastriensis,9201967
Sorbus leptophylla,9201969
Sorbus leyana,9201970
Sorbus minima,9201971
Sorbus porrigentiformis,9201972
Sorbus pseudofennica,9201973
Sorbus rupicola,9201974
Sorbus subcuneata,9201976
Sorbus torminalis,9201977
Sorbus vexans,9201979
Sparganium angustifolium,9201980
Sparganium erectum,9201981
Sparganium natans,9201982
Sparganium emersum,9201983
Spartina alterniflora,9201984
Spartina maritima,9201985
Spartina alterniflora x maritima (S. x townsendii),9201986
Spergula arvensis,9201987
Spergula morisonii,9201988
Spergularia bocconei,9201989
Spergularia marina,9201990
Spergularia media,9201991
Spergularia rubra,9201992
Spergularia rupicola,9201993
Spiraea agg.,9201994
Spiranthes aestivalis,9201995
Spiranthes romanzoffiana,9201996
Spiranthes spiralis,9201997
Stachys alpina,9201998
Stachys palustris x sylvatica (S. x ambigua),9201999
Stachys arvensis,9202001
Stachys germanica,9202002
Stachys palustris,9202003
Stachys sylvatica,9202005
Staphylea pinnata,9202006
Stellaria uliginosa,9202007
Stellaria pallida,9202008
Stellaria graminea,9202009
Stellaria holostea,9202010
Stellaria media,9202012
Stellaria neglecta,9202013
Stellaria nemorum,9202014
Stellaria palustris,9202015
Stratiotes aloides,9202017
Suaeda vera,9202018
Suaeda maritima,9202019
Subularia aquatica,9202020
Succisa pratensis,9202021
Symphoricarpos albus,9202022
Symphytum asperum,9202023
Symphytum officinale,9202024
Symphytum asperum x officinale (S. x uplandicum),9202025
Symphytum orientale,9202026
Symphytum tuberosum,9202028
Syringa vulgaris,9202029
Tamarix gallica,9202031
Tamus communis,9202032
Tanacetum vulgare,9202033
Taraxacum agg.,9202034
Taxus baccata,9202039
Teesdalia nudicaulis,9202041
Tetragonolobus maritimus,9202042
Teucrium botrys,9202043
Teucrium chamaedrys,9202044
Teucrium scordium,9202045
Teucrium scorodonia,9202046
Thalictrum alpinum,9202047
Thalictrum flavum,9202048
Thalictrum minus,9202049
Thesium humifusum,9202055
Thlaspi caerulescens,9202057
Thlaspi arvense,9202058
Thlaspi perfoliatum,9202059
Thymus polytrichus,9202060
Thymus pulegioides,9202061
Thymus serpyllum,9202062
Tilia cordata,9202063
Tilia platyphyllos,9202064
Tilia x vulgaris,9202065
Tofieldia pusilla,9202066
Tordylium maximum,9202067
Torilis arvensis,9202068
Torilis japonica,9202069
Torilis nodosa,9202070
Trachystemon orientalis,9202071
Tragopogon porrifolius,9202073
Tragopogon pratensis,9202074
Trientalis europaea,9202076
Trifolium arvense,9202077
Trifolium aureum,9202078
Trifolium bocconei,9202079
Trifolium campestre,9202080
Trifolium dubium,9202081
Trifolium fragiferum,9202083
Trifolium glomeratum,9202084
Trifolium incarnatum subsp.incarnatum,9202086
Trifolium medium,9202087
Trifolium micranthum,9202088
Trifolium incarnatum subsp.molinerii,9202089
Trifolium ochroleucon,9202090
Trifolium pratense,9202091
Trifolium repens,9202092
Trifolium resupinatum,9202093
Trifolium scabrum,9202094
Trifolium squamosum,9202095
Trifolium stellatum,9202096
Trifolium striatum,9202097
Trifolium strictum,9202098
Trifolium subterraneum,9202099
Trifolium suffocatum,9202100
Triglochin maritimum,9202101
Triglochin palustre,9202102
Trifolium ornithopodioides,9202103
Trinia glauca,9202104
Trisetum flavescens,9202105
Trollius europaeus,9202106
Tulipa sylvestris,9202107
Arabis glabra,9202108
Tussilago farfara,9202109
Typha angustifolia,9202110
Typha latifolia,9202111
Ulex europaeus,9202112
Ulex gallii,9202113
Ulex minor,9202114
Ulmus minor (c),9202115
Ulmus glabra,9202119
Ulmus plotii,9202121
Ulmus procera,9202122
Umbilicus rupestris,9202125
Urtica dioica,9202126
Urtica pilulifera,9202127
Urtica urens,9202128
Utricularia intermedia sens.lat.,9202129
Utricularia minor,9202130
Utricularia australis,9202131
Utricularia vulgaris sens.lat.,9202132
Vaccinium myrtillus x vitis-idaea (V. x intermedium),9202135
Vaccinium myrtillus,9202136
Vaccinium uliginosum,9202137
Vaccinium vitis-idaea,9202138
Valeriana dioica,9202139
Valeriana officinalis,9202140
Valeriana pyrenaica,9202141
Valerianella carinata,9202142
Valerianella dentata,9202143
Valerianella eriocarpa,9202144
Valerianella locusta,9202145
Valerianella rimosa,9202146
Vallisneria spiralis,9202147
Verbascum blattaria,9202148
Verbascum lychnitis,9202149
Verbascum nigrum,9202150
Verbascum phlomoides,9202151
Verbascum pulverulentum,9202153
Verbascum thapsus,9202157
Verbascum virgatum,9202158
Verbena officinalis,9202159
Veronica agrestis,9202161
Veronica alpina,9202162
Veronica anagallis-aquatica,9202163
Veronica arvensis,9202165
Veronica beccabunga,9202166
Veronica catenata,9202167
Veronica chamaedrys,9202168
Veronica filiformis,9202169
Veronica fruticans,9202170
Veronica hederifolia,9202171
Veronica montana,9202172
Veronica officinalis,9202173
Veronica peregrina,9202174
Veronica persica,9202175
Veronica polita,9202176
Veronica praecox,9202177
Veronica scutellata,9202179
Veronica serpyllifolia,9202180
Veronica serpyllifolia subsp.humifusa,9202180.1
Veronica spicata,9202181
Veronica triphyllos,9202182
Veronica verna,9202183
Viburnum lantana,9202184
Viburnum opulus,9202185
Vicia sativa subsp.nigra,9202186
Vicia bithynica,9202187
Vicia cracca,9202189
Vicia hirsuta,9202191
Vicia lathyroides,9202194
Vicia lutea,9202195
Vicia orobus,9202196
Vicia sativa subsp.sativa,9202197
Vicia sepium,9202198
Vicia sylvatica,9202199
Vicia tenuifolia,9202200
Vicia parviflora,9202201
Vicia tetrasperma,9202202
Vicia villosa,9202203
Vinca major,9202204
Vinca minor,9202205
Viola arvensis,9202206
Viola canina,9202207
Viola hirta,9202210
Viola lactea,9202211
Viola lutea,9202212
Viola kitaibeliana,9202213
Viola odorata,9202214
Viola palustris,9202215
Viola persicifolia,9202216
Viola reichenbachiana,9202217
Viola riviniana,9202218
Viola rupestris,9202219
Viola tricolor,9202220
Viola tricolor subsp.curtisii,9202220.1
Lychnis alpina,9202221
Lychnis viscaria,9202222
Viscum album,9202223
Vulpia ciliata subsp.ambigua,9202225
Vulpia bromoides,9202226
Vulpia fasciculata,9202227
Vulpia myuros,9202228
Wahlenbergia hederacea,9202230
Wolffia arrhiza,9202231
Zannichellia palustris,9202237
Zostera angustifolia,9202238
Zostera marina,9202239
Zostera noltii,9202240
Aesculus hippocastanum,9202241
Salicornia agg.,9202242
Euphrasia officinalis agg.,9202243
Gaultheria mucronata,9202244
Phormium tenax,9202245
Persicaria amplexicaulis,9202246
Phleum pratense sens.lat.,9202247
Callitriche seedling/sp,9202249
Ligustrum ovalifolium,9202250
Solidago canadensis,9202251
Arctium tomentosum,9202252
Alchemilla mollis,9202255
Kalmia angustifolia,9202257
Vulpia unilateralis,9202263
Artemisia norvegica,9202264
Calystegia pulchra,9202266
Eleocharis austriaca,9202267
Trifolium occidentale,9202268
Polygonum boreale,9202269
Minuartia recurva,9202270
Juncus subulatus,9202271
Sorbus wilmottiana,9202272
Alchemilla tytthantha,9202275
Spartina anglica,9202278
Atriplex longipes,9202286
Atriplex praecox,9202287
Gagea bohemica,9202290
Hydrilla verticillata,9202291
Rubus arcticus,9202293
Senecio cambrensis,9202294
Lemna minuta,9202300
Larix kaempferi,9202302
Larix x eurolepis (c),9202303
Salix lapponum x reticulata (S. x boydii),9202308
Salix x forbyana (S. cinerea x purpurea x viminalis),9202318
Salix caprea x cinerea (S. x reichardtii),9202342
Salix viminalis x purpurea (s),9202344
Salix alba x babylonica (S. x sepulcralis),9202350
Salix caprea x viminalis (S. x sericans),9202351
Salix cinerea x viminalis (S. x smithiana),9202354
Salix caprea x phylicifolia,9202366
Onothera rubricaulis,9202377
Cicerbita macrophylla,9202381
Bromus pseudosecalinus,9202382
Abies alba,9202395
Abies grandis,9202396
Abies procera,9202397
Chamaecyparis lawsoniana,9202398
Picea sitchensis,9202401
Pinus contorta,9202402
Pinus contorta var latifloia (c),9202402.2
Thuja plicata,9202403
Tsuga heterophylla,9202404
Arctium minus,9202405
Platanus x hispanica (P. occidentalis x orientalis),9202407
Cupressus macrocarpa,9202408
Sequoiadendron giganteum,9202410
Cryptomeria japonica,9202411
Pinus radiata,9202414
Sequoia sempervirens,9202417
Quercus rubra,9202419
Crassula helmsii,9202423
Iberis umbellata,9202425
Laurus nobilis,9202427
Polygobum cognatum,9202431
Solidago gigantea,9202434
Tolmiea menziesii,9202436
Viola cornuta,9202437
Rumex obtusifolius x sanguineus (R. x dufftii),9202455
Rumex crispus x obtusifolius (R. x pratensis),9202464
Gaudinia fragilis,9202508
Vicia sativa,9202516
Oxalis dillenii,9202517
Oxalis incarnata,9202518
Oxalis debilis,9202519
Oxalis latifolia,9202520
Oxalis pes-caprae,9202523
Acaena novae-zelandiae,9202527
Acaena anserinifolia,9202528
Limonium binervosum sens.str.,9202532
Limonium britannicum,9202533
Limonium dodartiforme,9202534
Limonium loganicum,9202535
Limonium parvum,9202536
Limonium procerum,9202537
Rorippa islandica sens.str.,9202546
Cochlearia officinalis sens.lat.,9202547
Epipactis youngiana,9202549
Egeria densa,9202551
Alchemilla gracilis,9202552
Rosa caesia subsp.glauca,9202554
Sagina apetala,9202559
Hieracium 'indeterminate',9202560
Ranunculus flammula x reptans (R. x levenensis),9202561
Limonium normannicum,9202562
Camelina microcarpa,9202567
Lepidium perfoliatum,9202570
Lepidium virginicum,9202571
Neslia paniculata,9202572
Rumex confertus,9202573
Carex hostiana x viridula (C. x fulva),9202609
Senecio aquaticus x jacobaea (S. x ostenfeldii),9202612
Lonicera nitida,9202613
Narcissus agg.,9202614
Amsinckia micrantha,9202616
Prunus lusitanica,9202618
Lysichiton americanus,9202619
Aubrieta deltoidea,9202622
Senecio squalidus x viscosus (S. x subnebrodensis),9202625
Gentianella ciliata,9202629
Asperula cynanchica subsp.occidentalis,9202634
Dipsacus strigosus,9202635
Sisymbrium volgense,9202644
Calamagrostis purpurea,9202646
Vicia sativa subsp.segetalis,9202649
Galium fleurotii,9202650
Sisyrinchium montanum,9202651
Bidens frondosa,9202652
Spiraea douglasii,9202658
Viola riviniana x rupestris (V. x burnatii),9202682
Viola lactea x riviniana,9202685
Helianthemum apenninum x nummularium (H. x sulphureum),9202690
Cerastium alpinum x fontanum (C. x symei),9202693
Rosa arvensis x canina (R. x verticillacantha),9202712
Rosa canina x stylosa (R. x andegavensis),9202725
Rosa canina x tomentosa (R. x scabriuscula),9202730
Rosa canina x rubiginosa (R. x nitidula),9202731
Epilobium ciliatum x tetragonum,9202783
Pilosella officinarum x peleteriana (P. x longisquama),9202841
Dactylorhiza fuchsii x purpurella (D. x venusta),9202863
Dactylorhiza majalis x purpurella,9202877
Elytrigia atherica x repens (E. x oliveri),9202908
Sagina procumbens x saginoides (S. x normaniana),9202923
Dactylorhiza lapponica,9202964
x Cupressocyparis leylandii,9202967
Lepidium graminifolium,9202987
Avena sativa,9202988
Potentilla x mixta sens. lat. (P. anglica or erecta x reptans),9202990
Hieracium alpinum (alp),9203003
Hieracium anglicum (ala),9203007
Hieracium argenteum (sax),9203012
Hieracium umbellatum,9203023
Hieracium caesiomurorum (cae),9203034
Hieracium caledonicum,9203036
Hieracium calenduliflorum (nig),9203037
Hieracium callistophyllum (roh),9203039
Hieracium carpathicum (car),9203050
Hieracium cillense (ste),9203051
Pilosella caespitosa,9203054
Hieracium dewarii (car),9203066
Hieracium diaphanoides (dia),9203067
Hieracium diaphanum (dia),9203068
Hieracium orcadense (cae),9203078
Pilosella flagellaris,9203083
Hieracium grandidens (mur),9203092
Hieracium hanburyi (nig),9203097.1
Hieracium holosericeum,9203104
Hieracium hypochoeroides (hyp),9203106
Hieracium iricum (ala),9203108
Hieracium lasiophyllum (sch),9203115
Hieracium latobrigorum (inu),9203116
Hieracium lepidulum (vul),9203117
Hieracium lissolepium (lae),9203124
Hieracium maculatum (mac),9203127
Hieracium oistophyllum (fus),9203138
Pilosella peleteriana,9203144
Hieracium pellucidum (mur),9203145
Pilosella praealta,9203154
Hieracium prenanthoides (pre),9203157
Hieracium proximum (ang),9203159
Hieracium subumbellatiforme (cro),9203161
Hieracium reticulatum (inu),9203175
Hieracium pollichiae (mac),9203180
Hieracium sanguineum (bif),9203183
Hieracium schmidtii (sch),9203187
Hieracium scoticum,9203188
Hieracium scotostictum (gla),9203189
Hieracium senescens,9203192
Hieracium sommerfeltii (som),9203196
Hieracium sparsifolium (lae),9203197
Hieracium speluncorum (amp),9203198
Hieracium acuminatum (arg),9203205
Hieracium submurorum (atr),9203215
Hieracium subramosum (cae),9203219
Hieracium subrude (ono),9203220
Hieracium vagum (sab),9203235
Hieracium vinicaule (tru),9203238
Hieracium virgultorum (sab),9203239
Hieracium vulgatum (vul),9203240
Hieracium zetlandicum (epi),9203241
Hieracium integratum (mur),9203272
Hieracium oblongum (mur),9203278
Atriplex prostrata agg.,9203311
Rubus adscitus (app),9203314
Rubus affinus (sub),9203315
Rubus arrhenii (sil),9203331
Rubus atrocaulis (sil),9203336
Rubus bloxamii (app),9203348
Rubus boraeanus (app),9203349
Rubus cardiophyllus (sil),9203361
Rubus condensatus (app),9203375
Rubus curtiglandulosus (app),9203389
Rubus danicus (sil),9203393
Rubus dasyphyllus (app),9203395
Rubus echinatus (app),9203399
Rubus divaricatus (sub),9203402
Rubus durotrigum (app),9203408
Rubus eboracensis,9203409
Rubus egregius (sil),9203412
Rubus fissus (sub),9203427
Rubus fuscus (app),9203437
Rubus gratus (sil),9203444
Rubus hartmanii (app),9203451
Rubus hebecaulis (app),9203454
Rubus incurvatus (sil),9203478
Rubus laciniatus (sil),9203489
Rubus lentiginosus (sil),9203500
Rubus leptadenes (app),9203501
Rubus leucostachys (app),9203504
Rubus lindebergii (sil),9203507
Rubus lindleianus (sil),9203508
Rubus macrophyllus (sil),9203520
Rubus macrothyrsus (app),9203522
Rubus menkei (app),9203531
Rubus mercicus (sil),9203532
Rubus micans (app),9203534
Rubus mucronulatus (app),9203541
Rubus nemoralis (sil),9203547
Rubus pallidus (app),9203570
Rubus plicatus (sub),9203578
Rubus polyanthemus (sil),9203582
Rubus pyramidalis (sil),9203601
Rubus questieri (sil),9203602
Rubus radula (app),9203604
Rubus rhombifolius (sil),9203612
Rubus rosaceus (app),9203616
Rubus rudis (app),9203624
Rubus rufescens (app),9203625
Rubus scaber (app),9203631
Rubus sciocharis (sil),9203638
Rubus scissus (sub),9203639
Rubus septentrionalis (sil),9203644
Rubus silvaticus (sil),9203649
Rubus sprengelii (sil),9203653
Rubus sulcatus (sub),9203662
Rubus vestitus,9203679
Rubus winteri (dis),9203688
Rubus babingtonii (app),9203698
Rubus dumnoniensis (sil),9203724
Rubus flexuosus (app),9203728
Rubus odoratus,9203753
Rubus phoenicolasius,9203760
Rubus bertramii (sub),9203788
Rubus mucronatoides (app),9203789
Taraxacum aequilobum (tar),9203805
Taraxacum alatum (tar),9203807
Taraxacum ancistrolobum (tar),9203808
Taraxacum anglicum (pal),9203809
Taraxacum aurosulum (tar),9203811
Taraxacum austriacum (ery),9203812
Taraxacum brachyglossum (ery),9203815
Taraxacum bracteatum (tar),9203816
Taraxacum canoviride (tar),9203820
Taraxacum canulum (ery),9203821
Taraxacum commixtum (ery),9203825
Taraxacum cordatum (tar),9203828
Taraxacum craspedotum (spe),9203829
Taraxacum croceiflorum (tar),9203831
Taraxacum cyanolepis (tar),9203833
Taraxacum cymbifolium (spe),9203834
Taraxacum dahlstedtii (tar),9203835
Taraxacum degelii (ery),9203836
Taraxacum dilatatum (tar),9203837
Taraxacum disseminatum (ery),9203838
Taraxacum dunense (ery),9203840
Taraxacum duplidens (tar),9203841
Taraxacum raunkiaeri (tar),9203842
Taraxacum euryphyllum (spe),9203844
Taraxacum expallidiforme (tar),9203846
Taraxacum fasciatum (tar),9203848
Taraxacum fulvicarpum (spe),9203850
Taraxacum fulvum (ery),9203852
Taraxacum glauciniforme (ery),9203853
Taraxacum glaucinum (ery),9203854
Taraxacum gotlandicum (ery),9203855
Taraxacum haematicum (tar),9203856
Taraxacum hamatiforme (tar),9203857
Taraxacum hamatum (tar),9203858
Taraxacum insigne (tar),9203865
Taraxacum lacistophyllum (ery),9203868
Taraxacum laetiforme (ery),9203869
Taraxacum laetum (ery),9203871
Taraxacum lainzii (spe),9203872
Taraxacum landmarkii (spe),9203873
Taraxacum linguatum (tar),9203875
Taraxacum lingulatum (tar),9203876
Taraxacum litorale (spe),9203877
Taraxacum longisquameum (tar),9203878
Taraxacum maculatum (tar),9203879
Taraxacum maculigerum (spe),9203880
Taraxacum marklundii (tar),9203881
Taraxacum naevosiforme (spe),9203884
Taraxacum naevosum (spe),9203885
Taraxacum nordstedtii (spe),9203886
Taraxacum obliquilobum (tar),9203887
Taraxacum obliquum (obl),9203888
Taraxacum oblongatum (tar),9203889
Taraxacum oxoniense (ery),9203893
Taraxacum pallescens (tar),9203894
Taraxacum palustre (pal),9203895
Taraxacum pannucium (tar),9203896
Taraxacum placidum (ery),9203899
Taraxacum platyglossum (obl),9203900
Taraxacum polyodon (tar),9203901
Taraxacum praestans (spe),9203903
Taraxacum privum (tar),9203904
Taraxacum proximiforme (ery),9203906
Taraxacum proximum (ery),9203907
Taraxacum pseudolacistophyllum (ery),9203908
Taraxacum pycnostictum (spe),9203911
Taraxacum rubicundum (ery),9203915
Taraxacum silesiacum (ery),9203917
Taraxacum spilophyllum (tar),9203920
Taraxacum stictophyllum (spe),9203922
Taraxacum subcyanolepis (tar),9203923
Taraxacum sublaciniosum (tar),9203924
Taraxacum sublaeticolor (tar),9203925
Taraxacum subundulatum (tar),9203927
Taraxacum tenebricans (tar),9203930
Taraxacum unguilobum (spe),9203931
Taraxacum xanthostigma (tar),9203933
Taraxacum adamii (spe),9203962
Taraxacum laeticolor (tar),9203975
Taraxacum melanthoides (tar),9203985
Taraxacum piceatum (tar),9203998
Taraxacum crispifolium (tar),9204019
Taraxacum tortilobum (ery),9204027
Pleioblastus simonii,9204306
Pseudosasa japonica,9204307
Sasa palmata,9204308
Sasaella ramosa,9204310
Semiarundinaria fastuosa,9204311
Populus nigra,9204313
Ulmus sp.,9204314
Hebe salicifolia,9204321
Salicornia europaea agg.,9204326
Mimulus guttatus,9204328
Utricularia ochroleuca,9204334
Utricularia stygia,9204335
Amsinckia lycopsoides,9204337
Solidago graminifolia,9204340
Erophila glabrescens,9204343
Erophila majuscula,9204344
Camelina sativa,9204352
Myagrum perfoliatum,9204355
Lycopersicon esculentum,9204359
Solanum tuberosum,9204360
Delairea odorata,9204362
Pisum sativum,9204365
Triticum aestivum,9204367
Hordeum distichon sens.lat.,9204368
Secale cereale,9204369
Viburnum tinus,9204370
Kerria japonica,9204378
Parthenocissus quinquefolia,9204381
Smyrnium perfoliatum,9204383
Spartina spp.,9204385
Pittosporum crassifolium,9204389
Cortaderia selloana,9204392
Tristagma uniflorum,9204393
Telekia speciosa,9204401
Corydalis cava,9204403
Nothofagus nervosa,9204407
Ailanthus altissima,9204411
Physalis alkekengi,9204416
Amaranthus blitoides,9204421
Bupleurum subovatum,9204423
Cuscuta campestris,9204427
Panicum miliaceum,9204435
Senecio smithii,9204436
Maize,9204439
Larix sp.,9204442
Mentha sp.,9204443
Betula seedling/sp,9204445
Quercus seedling/sp,9204446
Hebe speciosa,9204451
Pyracantha coccinea,9204457
Festuca pratensis x Lolium multiflorum (x Festulolium braunii),9204469
Alchemilla filicaulis,9204480
Erucastrum nasturtiifolium,9204484
Lepidium bonariense,9204488
Lepidium divaricatum,9204489
Lunaria rediviva,9204490
Sisymbrium austriacum,9204493
Aster novi-belgii,9204494
Myriophyllum heterophyllum,9204496
Pilosella aurantiaca,9204516
Crepis praemorsa,9204518
Cicerbita plumieri,9204519
Carex divulsa,9204520
Arenaria sp.,9204522
Cerastium sp.,9204524
Chenopodium sp.,9204525
Cotoneaster sp.,9204526
Crepis sp.,9204527
Dactylorhiza sp.,9204528
Eleocharis spp.,9204529
Epilobium sp.,9204530
Fumaria sp.,9204532
Galium sp.,9204533
Gentianella sp.,9204534
Geranium sp.,9204535
Hypericum sp.,9204536
Lathyrus seedling/sp,9204537
Lemna sp.,9204538
Leontodon sp.,9204539
Melilotus sp.,9204541
Myosotis seedling/sp,9204542
Myriophyllum sp.,9204543
Orobanche cernua,9204545
Pinus sp./seedling,9204546
Poa sp.,9204547
Polygala sp.,9204548
Polygonum sp.,9204549
Populus deltoides,9204550
Potamogeton sp.,9204551
Prunus sp.,9204552
Ranunculus seedling/sp,9204555
Rorippa sp.,9204556
Rumex seedling/sp,9204557
Salix seedling/sp,9204558
Scirpus sp.,9204559
Sonchus sp.,9204560
Sorbus sp.,9204561
Veronica seedling/sp,9204563
Vicia seedling/sp,9204564
Viola seedling/sp,9204565
Silene vulgaris,9204578
Agrostis sp.,9204579
Atriplex sp.,9204582
Carex seedling/sp,9204583
Juncus sp.,9204586
Phleum sp.,9204587
Senecio sp.,9204588
Elodea sp.,9204619
Abies sp.,9204658
Acer seedling/sp,9204661
Aira sp.,9204676
Alchemilla sp.,9204679
Alopecurus sp.,9204682
Anthemis sp.,9204698
Apera sp.,9204703
Aphanes spp.,9204704
Artemisia sp.,9204721
Avena sp.,9204734
Berberis sp.,9204741
Beta spp.,9204744
Bidens sp.,9204745
Brassica sp.,9204750
Bromus sp.,9204752
Campanula sp.,9204768
Cardamine sp.,9204771
Carduus sp.,9204774
Mesembryanthemum sp.,9204777
Centaurea sp.,9204785
Chrysanthemum sp.,9204800
Cirsium sp.,9204807
Calamintha sp.,9204811
Cochlearia seedling/sp,9204812
Delphinium sp.,9204819
Cornus sp.,9204826
Coronopus sp.,9204828
Corydalis sp.,9204831
Crataegus sp.,9204837
Cupressus sp.,9204842
Diplotaxis sp.,9204868
Doronicum spp.,9204872
Draba sp.,9204873
Drosera sp.,9204875
Elymus sp.,9204884
Eriophorum sp.,9204896
Festuca ovina/rubra (vegetative),9204916
Filago sp.,9204918
Filipendula sp.,9204919
Galeopsis sp.,9204931
Glyceria seedling/sp,9204943
Gnaphalium sp.,9204944
Lamium sp.,9205009
Ligustrum sp.,9205026
Linaria sp.,9205031
Linum sp.,9205033
Lolium sp.,9205042
Lotus sp.,9205044
Luzula campestris/multiflora,9205049
Lysimachia seedling/sp,9205055
Medicago sp.,9205065
Oenanthe sp.,9205109
Ornithogalum sp.,9205118
Papaver sp.,9205129
Picea sp,9205155
Hieracium pilosella group,9205157
Potentilla sp.,9205173
Pseudotsuga spp.,9205178
Puccinellia sp.,9205179
Raphanus sp.,9205187
Rhinanthus sp.,9205193
Rhododendron spp.,9205194
Rubus seedling,9205203
Sagina sp.,9205207
Sambucus sp.,9205211
Saxifraga sp.,9205222
Scrophularia sp.,9205231
Scutellaria sp.,9205232
Sedum sp.,9205234
Silene sp.,9205248
Sinapis sp.,9205251
Sparganium sp.,9205259
Spergularia sp.,9205262
Stachys sp.,9205264
Stellaria seedling/sp,9205266
Symphytum sp.,9205273
Tamarix spp.,9205275
Tanacetum sp.,9205277
Thalitrichum sp.,9205285
Thuja spp.,9205288
Tilia sp.,9205289
Trifolium seedling/sp,9205298
Triticum sp.,9205303
Tulipa sp.,9205309
Ulex sp./seedling,9205313
Utricularia sp.,9205316
Verbascum sp.,9205322
Vulpia sp.,9205328
Coincya monensis,9205396
Tephroseris integrifolia,9205397
Petrorhagia saxifraga,9205409
Acacia melanoxylon,9205415
Acacia retinodes,9205416
Agapanthus praecox,9205417
Armeria pseudarmeria,9205418
Sinarundinaria anceps,9205419
Camelina macrocarpa,9205421
Cochlearia pyrenaica,9205422
Cornus mas,9205423
Corylus maxima,9205424
Crocus tommasinianus,9205425
Dichondra micrantha,9205426
Ecballium elaterium,9205428
Euphrasia stricta,9205429
Festuca lemanii,9205430
Geum macrophyllum,9205431
Ixia paniculata,9205432
Ligularia dentata,9205433
Narcissus poeticus,9205434
Physocarpus opulifolius,9205435
Poa flabellata,9205436
Pulmonaria obscura,9205437
Pyrola rotundifolia,9205438
Ranunculus section batrachium,9205439
Salsola kali,9205441
Sanguisorba minor,9205442
Sigesbeckia serrata,9205443
Sorbus austriaca group,9205445
Sorbus hybrida group,9205446
Sorbus latifolia group,9205447
Sorbus minima group,9205448
Sorbus rupicola group,9205449
Taraxacum sect. erythrosperma,9205450
Taraxacum sect. obliqua,9205451
Taraxacum sect. spectabilia,9205453
Taraxacum sect. vulgaria,9205454
Trifolium hybridum,9205459
Vulpia ciliata,9205468
Gladiolus communis,9205470
Asperula cynanchica,9205472
Daucus carota,9205474
Cultivated carrot,9205475
Epipactis leptochila,9205476
Narcissus pseudonarcissus,9205478
Raphanus raphanistrum,9205481
Saxifraga rosacea,9205482
Sorbus intermedia agg.,9205483
Centaurium erythraea,9205486
Elymus caninus,9207006
Papaver dubium,9207046
Carex viridula,9207117
Carex viridula subsp.viridula,9207118
Medicago sativa (sativa x falcata),9207129
Epilobium tetragonum,9207292
Euphrasia arctica,9207310
Euphrasia rostkoviana,9207351
Festuca armoricana,9207359
Festuca huonii,9207361
Ranunculus marginatus,9207525
Rosa caesia,9207533
Trifolium incarnatum,9207649
Brassica fruticulosa,9207841
Marrow,9208025
Hordeum vulgare sens.str.,9208282
Allium ampeloprasum,9208283
Allium cepa,9209184
Cladonia pyxidata/coccifera,20000106
Euphorbia agg.,20000158
Hypochoeris spp./Leontodon spp.,20000223
Juncus articulatus/acutiflora,20000228
Spaeropharus sp.,20000245
Polygala vulgaris/serpyllifolia,20000323
Polystichum setiferum/aculeatum,20000330
Rumex conglomeratus/sanguineus,20000377
Salicornia ramosissima/europaea,20000382
Sedum anglicum/acre,20000399
Sinapis arvensis/alba,20000407
Solanum dulcamara/nigra,20000409
Spergula arvensis/Spergularia rupicola,20000418
Campylopus pyriformis/flexuosa,20000492
Sphagnum (green/fat),20000558
Sphagnum (green/thin),20000559
Sphagnum (red/fat),20000560
Juncus hybrids,20000663
Stachys ambigua,20000944
Lilium speciosum,20000962
Montbretia sp,20000993
Symphytum uplandicum,200001036
Ceratodon sp,200001046
Rheum sp,200001104
Luzula sp.,200001141
Cirriphyllum sp,200001165
Cultivated flowers,200001173
Festuca sp.,200001182
Pyrus cultivar,200001191
Koeleria sp,200001224
Riccardia sp,200001244
Mahonia japonica,200001249
Nasturtium sp,200001290
Lophozia sp,200001390
Ulex minor/gallii,200001415
Epilobium tetragon/obscurum,200001439
Juncus bufonius/bulbosus,200001478
Leontodon hispidus/saxatilis,200001481
Equisetum arvense/palustre,200001491
Trifolium pratense/medium,200001503
Carex caryophylla/pilulifera,200001536
Hypericum pulchrum/perforatum,200001579
Anagallis sp.,200001580
Calystegia sp.,200001581
Chenopodium album/polyspermum,200001582
Dryopteris dilatata/carthusiana,200001583
Hypochoeris spp.,200001584
Orobanche sp.,200001585
Senecio jacobaea/ecrucifolius,200001586
Symphoricarpus sp.,200001587
Thymus praecox/serpyllum,200001588
Ribes nigrum/rubrum,200001589
Catapodium sp.,200001591
Gentianella amarella/anglica,200001592
Poa nemoralis/trivialis,200001593
Primula scotica/farinosa,200001594
Viola riviniana/reichenbiana,200001595
Ribes sp.,200001596
Tripleurospermum maritimum/inodorum,200001597
Hymenophyllum sp.,200001599
Vicia tetrasperma/tenuissima,200001600
Acer sp.,200001601
Alnus sp.,200001602
Amaranthus sp.,200001604
Amsinckia sp.,200001605
Athyrium sp.,200001606
Avenula sp.,200001608
Brachypodium sp.,200001609
Calamagrostis sp.,200001610
Cedrus sp.,200001611
Chamaecyparis sp.,200001612
Circaea sp.,200001613
Crocosmia sp.,200001614
Daucus sp.,200001615
Elatine sp.,200001616
Erodium sp.,200001617
Eucalyptus sp.,200001618
Fragaria sp.,200001619
Gaps (filled),200001620
Genista sp.,200001621
Geum sp.,200001622
Algae,200001623
Heracleum sp.,200001624
Holcus sp.,200001625
Hordeum sp.,200001626
Hydrocotyle sp.,200001627
Iberis sp.,200001628
Impatiens sp.,200001629
Iris sp.,200001630
Kickxia sp.,200001631
Lactuca sp.,200001632
Lilium regale,200001633
Limonium sp.,200001634
Listera sp.,200001635
Lonicera sp.,200001636
Malus sp.,200001637
Malva sp.,200001638
Matricaria sp.,200001639
Melampyrum sp.,200001640
Mimosa sp.,200001641
Montia sp.,200001642
Odontites sp.,200001643
Oxalis sp.,200001644
Pedicularis sp.,200001645
Petroselinum sp.,200001646
Phalaris sp.,200001647
Pimpinella sp.,200001648
Plantago sp.,200001649
Platanthera sp.,200001650
Populus sp.,200001651
Populus (cultivar),200001652
Porella sp.,200001653
Primula sp.,200001654
Pyrola sp.,200001655
Pyrus sp.,200001656
Reseda sp.,200001657
Rubus sp.,200001659
Sanguisorba sp.,200001660
Scabiosa sp.,200001661
Schistidium sp.,200001662
Sisymbrium sp.,200001663
Solanum sp.,200001664
Sorghum sp.,200001665
Spergula sp.,200001666
Thlaspi sp.,200001667
Torilis sp.,200001668
Triglochin sp.,200001669
Ulex sp.,200001670
Valeriana sp.,200001671
Valerianella sp.,200001672
Woodsia sp.,200001673
Allium sp.,200001675
Polypodium sp.,200001676
Tragopogon sp.,200001677
Arctostaphylos sp.,200001678
Fragaria sp.,200001679
Geum sp.,200001680
Gymnocarpium sp.,200001681
Orchis sp.,200001682
Petasites sp.,200001683
Centaurium sp.,200001685
Convolvulus sp.,200001687
Lythrum sp.,200001688
Hydrangea spp.,200001690
Azalea spp.,200001691
Petasites spp.,200001696
Helleborus sp.,200004000
